Title,Price EUR,Date,Time
"Apple 2023 MacBook Pro Portátil con Chip M3 Pro: CPU de 11 núcleos, GPU de 14 núcleos, Pantalla Liquid Retina XDR de 14,2 Pulgadas, 18 GB de Memoria unificada, 512 GB de SSD, Plata, Teclado portugués",2599,2024-03-09, 11:38:18
"Apple 2023 MacBook Pro Portátil con Chip M3 Pro: CPU de 11 núcleos, GPU de 14 núcleos, Pantalla Liquid Retina XDR de 14,2 Pulgadas, 18 GB de Memoria unificada, 512 GB de SSD, Plata, Teclado portugués",2599,2024-03-09, 11:38:18
"Apple 2023 MacBook Pro Portátil con Chip M3 Pro: CPU de 11 núcleos, GPU de 14 núcleos, Pantalla Liquid Retina XDR de 14,2 Pulgadas, 18 GB de Memoria unificada, 512 GB de SSD, Plata, Teclado portugués",2599,2024-03-09, 11:38:23
"Apple 2023 MacBook Pro Portátil con Chip M3 Pro: CPU de 11 núcleos, GPU de 14 núcleos, Pantalla Liquid Retina XDR de 14,2 Pulgadas, 18 GB de Memoria unificada, 512 GB de SSD, Plata, Teclado portugués",2599,2024-03-09, 11:38:29
"Apple 2023 MacBook Pro Portátil con Chip M3 Pro: CPU de 11 núcleos, GPU de 14 núcleos, Pantalla Liquid Retina XDR de 14,2 Pulgadas, 18 GB de Memoria unificada, 512 GB de SSD, Plata, Teclado portugués",2599,2024-03-09, 11:38:36
"Apple 2023 MacBook Pro Portátil con Chip M3 Pro: CPU de 11 núcleos, GPU de 14 núcleos, Pantalla Liquid Retina XDR de 14,2 Pulgadas, 18 GB de Memoria unificada, 512 GB de SSD, Plata, Teclado portugués",2599,2024-03-09, 11:38:42
"Apple 2023 MacBook Pro Portátil con Chip M3 Pro: CPU de 11 núcleos, GPU de 14 núcleos, Pantalla Liquid Retina XDR de 14,2 Pulgadas, 18 GB de Memoria unificada, 512 GB de SSD, Plata, Teclado portugués",2599,2024-03-09, 11:38:49
"Apple 2023 MacBook Pro Portátil con Chip M3 Pro: CPU de 11 núcleos, GPU de 14 núcleos, Pantalla Liquid Retina XDR de 14,2 Pulgadas, 18 GB de Memoria unificada, 512 GB de SSD, Plata, Teclado portugués",2599,2024-03-09, 11:38:55
"Apple 2023 MacBook Pro Portátil con Chip M3 Pro: CPU de 11 núcleos, GPU de 14 núcleos, Pantalla Liquid Retina XDR de 14,2 Pulgadas, 18 GB de Memoria unificada, 512 GB de SSD, Plata, Teclado portugués",2599,2024-03-09, 11:39:01
"Apple 2023 MacBook Pro Portátil con Chip M3 Pro: CPU de 11 núcleos, GPU de 14 núcleos, Pantalla Liquid Retina XDR de 14,2 Pulgadas, 18 GB de Memoria unificada, 512 GB de SSD, Plata, Teclado portugués",2599,2024-03-09, 11:39:29
"Apple 2023 MacBook Pro Portátil con Chip M3 Pro: CPU de 11 núcleos, GPU de 14 núcleos, Pantalla Liquid Retina XDR de 14,2 Pulgadas, 18 GB de Memoria unificada, 512 GB de SSD, Plata, Teclado portugués",2599,2024-03-09, 11:39:36
"Apple 2023 MacBook Pro Portátil con Chip M3 Pro: CPU de 11 núcleos, GPU de 14 núcleos, Pantalla Liquid Retina XDR de 14,2 Pulgadas, 18 GB de Memoria unificada, 512 GB de SSD, Plata, Teclado portugués",2599,2024-03-09, 11:39:42
"Apple 2023 MacBook Pro Portátil con Chip M3 Pro: CPU de 11 núcleos, GPU de 14 núcleos, Pantalla Liquid Retina XDR de 14,2 Pulgadas, 18 GB de Memoria unificada, 512 GB de SSD, Plata, Teclado portugués",2599,2024-03-09, 11:39:48
